2025-02-11T16:40:23.071217,5BPR0070-00001,5BPR0070,S3UQ12JA33K.EB2GAM1,21S3U502XC3V6669339020
2025-02-11T16:40:39.944457,5BPR0070-00002,5BPR0070,S3UQ12JA33K.EB2GAM1,21S3U502FM3V6679339020
2025-02-11T16:41:26.295275,5BPR0070-00010,5BPR0070,S3UQ12JA33K.EB2GAM1,21S3U502CQ3V6759339020
2025-02-11T16:45:50.962516,5BPR0070-00008,5BPR0070,S3UQ12JA33K.EB2GAM1,21S3U502HY3V6739339020
2025-02-11T16:47:06.826344,5BPR0070-00004,5BPR0070,S3UQ12JA33K.EB2GAM1,21S3U502BZ3V6699339020
2025-02-11T16:52:15.517299,5BPR0070-00009,5BPR0070,S3UQ12JA33K.EB2GAM1,21S3U502YE3V6749339020
2025-02-12T13:49:47.202746,5BPR0559-00010,5BPR0559,S3UQ12JA31K.EB2GAM1,21S3U502JT0S8289216800
2025-02-13T08:15:04.594458,5BPR0559-00011,5BPR0559,S3UQ12JA31K.EB2GAM1,21S3U502BZ0S8299216800
2025-02-13T08:46:36.946791,5BPR0559-00022,5BPR0559,S3UQ12JA31K.EB2GAM1,21S3U502LW0S8409216800
2025-02-13T09:00:16.897658,5BPR0559-00025,5BPR0559,S3UQ12JA31K.EB2GAM1,21S3U502MG0S8439216800
2025-02-13T09:14:57.039646,5BPR0559-00026,5BPR0559,S3UQ12JA31K.EB2GAM1,21S3U502ER0S8449216800
2025-02-13T09:16:03.170593,5BPR0559-00027,5BPR0559,S3UQ12JA31K.EB2GAM1,21S3U502KA0S8459216800
2025-02-13T09:18:10.251449,5BPR0559-00028,5BPR0559,S3UQ12JA31K.EB2GAM1,21S3U502UJ0S8469216800
2025-02-13T09:31:11.521644,5BPR0559-00032,5BPR0559,S3UQ12JA31K.EB2GAM1,21S3U502XC0S8509216800
2025-02-13T10:53:14.091409,5BPR0559-00033,5BPR0559,S3UQ12JA31K.EB2GAM1,21S3U502FM0S8519216800
2025-02-13T11:05:35.068206,5BPR0559-00044,5BPR0559,S3UQ12JA31K.EB2GAM1,21S3U502SP0S8629216800
2025-02-13T11:20:13.903819,5BPR0559-00045,5BPR0559,S3UQ12JA31K.EB2GAM1,21S3U502GF0S8639216800
2025-02-13T11:48:02.758870,5BPR0559-00055,5BPR0559,S3UQ12JA31K.EB2GAM1,21S3U502WS0S8739216800
2025-02-13T11:50:31.404620,5BPR0559-00056,5BPR0559,S3UQ12JA31K.EB2GAM1,21S3U502XC0S8749216800
2025-02-13T11:56:01.146899,5BPR0559-00023,5BPR0559,S3UQ12JA31K.EB2GAM1,21S3U502TH0S8419216800
2025-02-13T13:47:32.452599,5BPR0590-00066,5BPR0590,S3UQ09AA31A.EB2GAM1,21S3U502HY2P5459216780
2025-02-13T13:48:24.767144,5BPR0590-00067,5BPR0590,S3UQ09AA31A.EB2GAM1,21S3U502YE2P5469216780
2025-02-13T13:50:36.356486,5BPR0590-00078,5BPR0590,S3UQ09AA31A.EB2GAM1,21S3U502KA2P5579216780
2025-02-13T13:51:33.112045,5BPR0590-00079,5BPR0590,S3UQ09AA31A.EB2GAM1,21S3U502UJ2P5589216780
2025-02-13T13:54:31.996325,5BPR0590-00080,5BPR0590,S3UQ09AA31A.EB2GAM1,21S3U502NK2P5599216780
2025-02-13T13:58:55.905759,5BPR0590-00039,5BPR0590,S3UQ09AA31A.EB2GAM1,21S3U502RD2P5189216780
2025-02-13T14:02:46.914061,5BPR0590-00099,5BPR0590,S3UQ09AA31A.EB2GAM1,21S3U502DB2P5789216780
2025-02-13T14:05:57.372054,5BPR0590-00100,5BPR0590,S3UQ09AA31A.EB2GAM1,21S3U502MG2P5799216780
2025-02-13T14:09:15.445504,5BPR0590-00102,5BPR0590,S3UQ09AA31A.EB2GAM1,21S3U502KA2P5819216780
2025-02-13T14:26:36.525558,5BPR0590-00105,5BPR0590,S3UQ09AA31A.EB2GAM1,21S3U502AL2P5849216780
2025-02-13T14:49:51.109497,5BPR0590-00200,5BPR0590,S3UQ09AA31A.EB2GAM1,21S3U502NK2P6799216780
2025-02-13T14:51:35.416384,5BPR0590-00201,5BPR0590,S3UQ09AA31A.EB2GAM1,21S3U502AL2P6809216780
2025-02-13T15:02:17.926767,5BPR0590-00331,5BPR0590,S3UQ09AA31A.EB2GAM1,21S3U502YE2P8109216780
2025-02-13T15:02:33.117446,5BPR0590-00332,5BPR0590,S3UQ09AA31A.EB2GAM1,21S3U502CQ2P8119216780
2025-02-13T15:09:44.994981,5BPR0590-00401,5BPR0590,S3UQ09AA31A.EB2GAM1,21S3U502PU2P8809216780
2025-02-13T15:10:05.751423,5BPR0590-00402,5BPR0590,S3UQ09AA31A.EB2GAM1,21S3U502HY2P8819216780
2025-02-13T15:10:49.008584,5BPR0590-00404,5BPR0590,S3UQ09AA31A.EB2GAM1,21S3U502CQ2P8839216780
2025-02-13T15:11:11.284149,5BPR0590-00405,5BPR0590,S3UQ09AA31A.EB2GAM1,21S3U502QV2P8849216780
2025-02-13T15:15:12.453689,5BPR0590-00410,5BPR0590,S3UQ09AA31A.EB2GAM1,21S3U502TH2P8899216780
2025-02-13T15:15:34.730204,5BPR0590-00411,5BPR0590,S3UQ09AA31A.EB2GAM1,21S3U502DB2P8909216780
2025-02-13T15:19:01.024322,5BPR0590-00344,5BPR0590,S3UQ09AA31A.EB2GAM1,21S3U502NK2P8239216780
2025-02-13T15:19:10.748938,5BPR0590-00345,5BPR0590,S3UQ09AA31A.EB2GAM1,21S3U502AL2P8249216780
2025-02-13T15:19:23.963166,5BPR0590-00346,5BPR0590,S3UQ09AA31A.EB2GAM1,21S3U502WS2P8259216780
2025-02-13T15:22:55.853209,5BPR0590-00222,5BPR0590,S3UQ09AA31A.EB2GAM1,21S3U502KA2P7019216780
2025-02-13T15:23:08.607143,5BPR0590-00223,5BPR0590,S3UQ09AA31A.EB2GAM1,21S3U502UJ2P7029216780
2025-02-13T15:23:23.303127,5BPR0590-00224,5BPR0590,S3UQ09AA31A.EB2GAM1,21S3U502NK2P7039216780
2025-02-13T15:23:40.287332,5BPR0590-00225,5BPR0590,S3UQ09AA31A.EB2GAM1,21S3U502AL2P7049216780
2025-02-13T15:25:07.159593,5BPR0590-00226,5BPR0590,S3UQ09AA31A.EB2GAM1,21S3U502WS2P7059216780
2025-02-13T17:08:29.307179,5BPR0057-00001,,,21Z5U502ZX5D6053144940
2025-02-13T17:11:09.423291,5BPR0057-00002,,,21Z5U502SP5D6063144940
2025-02-13T17:12:03.428468,5BPR0057-00003,,,21Z5U502GF5D6073144940
2025-02-13T17:23:42.619296,5BPR0559-00002,5BPR0559,S3UQ12JA31K.EB2GAM1,21S3U502ER0S8209216800
2025-02-13T17:23:54.372794,5BPR0559-00001,5BPR0559,S3UQ12JA31K.EB2GAM1,21S3U502MG0S8199216800
2025-02-13T17:25:25.471823,5BPR0559-00003,5BPR0559,S3UQ12JA31K.EB2GAM1,21S3U502KA0S8219216800
2025-02-13T17:26:46.398969,5BPR0559-00004,5BPR0559,S3UQ12JA31K.EB2GAM1,21S3U502UJ0S8229216800
2025-02-13T18:13:41.503516,5BPR0590-00295,5BPR0590,S3UQ09AA31A.EB2GAM1,21S3U502UJ2P7749216780
2025-02-13T18:14:40.736873,5BPR0590-00296,5BPR0590,S3UQ09AA31A.EB2GAM1,21S3U502NK2P7759216780
2025-02-14T11:21:16.411908,5BPR0559-00392,5BPR0559,S3UQ12JA31K.EB2GAM1,21S3U502DB0T2109216800
2025-02-14T11:21:34.019434,5BPR0559-00393,5BPR0559,S3UQ12JA31K.EB2GAM1,21S3U502MG0T2119216800
2025-02-14T11:26:00.659949,5BPR0559-00399,5BPR0559,S3UQ12JA31K.EB2GAM1,21S3U502WS0T2179216800
2025-02-14T11:26:35.899607,5BPR0559-00400,5BPR0559,S3UQ12JA31K.EB2GAM1,21S3U502XC0T2189216800
2025-02-14T11:28:09.819188,5BPR0559-00402,5BPR0559,S3UQ12JA31K.EB2GAM1,21S3U502JT0T2209216800
2025-02-14T11:52:23.572738,5BPR0559-00421,5BPR0559,S3UQ12JA31K.EB2GAM1,21S3U502NK0T2399216800
2025-02-14T11:53:04.654899,5BPR0559-00422,5BPR0559,S3UQ12JA31K.EB2GAM1,21S3U502AL0T2409216800
2025-02-14T11:53:15.661140,5BPR0559-00423,5BPR0559,S3UQ12JA31K.EB2GAM1,21S3U502WS0T2419216800
2025-02-14T11:53:29.249758,5BPR0559-00424,5BPR0559,S3UQ12JA31K.EB2GAM1,21S3U502XC0T2429216800
2025-02-14T11:54:50.864324,5BPR0559-00425,5BPR0559,S3UQ12JA31K.EB2GAM1,21S3U502FM0T2439216800
2025-02-14T12:02:04.898061,5BPR0559-00427,5BPR0559,S3UQ12JA31K.EB2GAM1,21S3U502BZ0T2459216800
2025-02-14T12:09:44.811565,5BPR0559-00428,5BPR0559,S3UQ12JA31K.EB2GAM1,21S3U502RD0T2469216800
2025-02-14T12:13:00.376247,5BPR0599-000451,,,21S3U502FM5H8919254100
2025-02-14T12:13:10.248986,5BPR0599-000452,,,21S3U502JT5H8929254100
2025-02-14T12:13:21.949077,5BPR0599-000453,,,21S3U502BZ5H8939254100
2025-02-14T12:14:08.078206,5BPR0559-00311,5BPR0559,S3UQ12JA31K.EB2GAM1,21S3U502HY0T1299216800
2025-02-14T12:16:02.118919,5BPR0559-00313,5BPR0559,S3UQ12JA31K.EB2GAM1,21S3U502CQ0T1319216800
2025-02-14T12:18:59.228800,5BPR0559-00215,5BPR0559,S3UQ12JA31K.EB2GAM1,21S3U502HY0T0339216800
2025-02-14T12:19:34.543083,5BPR0559-00216,5BPR0559,S3UQ12JA31K.EB2GAM1,21S3U502YE0T0349216800
2025-02-14T12:21:30.693707,5BPR0559-00217,5BPR0559,S3UQ12JA31K.EB2GAM1,21S3U502CQ0T0359216800
2025-02-14T13:25:41.031010,5BPR0559-00291,5BPR0559,S3UQ12JA31K.EB2GAM1,21S3U502ZX0T1099216800
2025-02-14T13:25:54.587563,5BPR0559-00292,5BPR0559,S3UQ12JA31K.EB2GAM1,21S3U502SP0T1109216800
2025-02-14T13:26:31.029332,5BPR0559-00293,5BPR0559,S3UQ12JA31K.EB2GAM1,21S3U502GF0T1119216800
2025-02-14T13:29:56.936516,5BPR0559-00294,5BPR0559,S3UQ12JA31K.EB2GAM1,21S3U502LW0T1129216800
2025-02-14T13:30:12.164080,5BPR0559-00295,5BPR0559,S3UQ12JA31K.EB2GAM1,21S3U502TH0T1139216800
2025-02-14T13:34:45.778937,5BPR0559-00214,5BPR0559,S3UQ12JA31K.EB2GAM1,21S3U502PU0T0329216800
2025-02-14T13:38:09.272870,5BPR0559-00145,5BPR0559,S3UQ12JA31K.EB2GAM1,21S3U502MG0S9639216800
2025-02-14T13:38:25.509400,5BPR0559-00146,5BPR0559,S3UQ12JA31K.EB2GAM1,21S3U502ER0S9649216800
2025-02-14T13:39:07.622292,5BPR0559-00147,5BPR0559,S3UQ12JA31K.EB2GAM1,21S3U502KA0S9659216800
2025-02-14T13:40:48.972264,5BPR0559-00148,5BPR0559,S3UQ12JA31K.EB2GAM1,21S3U502UJ0S9669216800
2025-02-14T13:40:58.660066,5BPR0559-00149,5BPR0559,S3UQ12JA31K.EB2GAM1,21S3U502NK0S9679216800
2025-02-14T13:43:36.028507,5BPR0559-00150,5BPR0559,S3UQ12JA31K.EB2GAM1,21S3U502AL0S9689216800
2025-02-14T13:47:47.718101,5BPR0734-00001,5BPR0734,S3UQ12JAQAL.EB2GAM1,21S3U502MG6G0279216840
2025-02-14T13:48:49.014087,5BPR0734-00002,5BPR0734,S3UQ12JAQAL.EB2GAM1,21S3U502ER6G0289216840
2025-02-14T13:49:04.168703,5BPR0734-00003,5BPR0734,S3UQ12JAQAL.EB2GAM1,21S3U502KA6G0299216840
2025-02-14T13:55:37.737875,5BPR0559-00001,5BPR0559,S3UQ12JA31K.EB2GAM1,21S3U502MG0S8199216800
2025-02-14T13:55:49.768477,5BPR0559-00002,5BPR0559,S3UQ12JA31K.EB2GAM1,21S3U502ER0S8209216800
2025-02-14T13:56:27.191255,5BPR0559-00003,5BPR0559,S3UQ12JA31K.EB2GAM1,21S3U502KA0S8219216800
2025-02-14T14:46:23.330563,5BPR0559-000001,,,21S3U502MG0S8199216800
2025-02-14T14:50:24.214701,5BPR0559-00006,5BPR0559,S3UQ12JA31K.EB2GAM1,21S3U502AL0S8249216800
2025-02-14T14:50:43.409898,5BPR0559-00008,5BPR0559,S3UQ12JA31K.EB2GAM1,21S3U502XC0S8269216800
2025-02-14T14:51:12.898501,5BPR0559-00009,5BPR0559,S3UQ12JA31K.EB2GAM1,21S3U502FM0S8279216800
2025-02-14T16:31:07.073224,5BPR0559-00022,5BPR0559,S3UQ12JA31K.EB2GAM1,21S3U502LW0S8409216800
2025-02-14T16:42:19.131692,5BPR0559-00021,5BPR0559,S3UQ12JA31K.EB2GAM1,21S3U502GF0S8399216800
2025-02-14T16:42:55.911839,5BPR0559-00023,5BPR0559,S3UQ12JA31K.EB2GAM1,21S3U502TH0S8419216800
2025-02-14T16:43:26.773607,5BPR0559-00024,5BPR0559,S3UQ12JA31K.EB2GAM1,21S3U502DB0S8429216800
2025-02-14T16:44:21.518300,5BPR0559-00025,5BPR0559,S3UQ12JA31K.EB2GAM1,21S3U502MG0S8439216800
2025-02-14T16:44:39.730886,5BPR0559-00026,5BPR0559,S3UQ12JA31K.EB2GAM1,21S3U502ER0S8449216800
2025-02-14T16:45:25.510089,5BPR0559-00028,5BPR0559,S3UQ12JA31K.EB2GAM1,21S3U502UJ0S8469216800
2025-02-14T17:07:21.408359,5BPR0559-00029,5BPR0559,S3UQ12JA31K.EB2GAM1,21S3U502NK0S8479216800
2025-02-14T17:17:46.304665,5BPR0559-00033,5BPR0559,S3UQ12JA31K.EB2GAM1,21S3U502FM0S8519216800
2025-02-14T17:18:22.293475,5BPR0559-00034,5BPR0559,S3UQ12JA31K.EB2GAM1,21S3U502JT0S8529216800
2025-02-14T17:18:57.694608,5BPR0559-00035,5BPR0559,S3UQ12JA31K.EB2GAM1,21S3U502BZ0S8539216800
2025-02-14T17:19:09.180713,5BPR0559-00036,5BPR0559,S3UQ12JA31K.EB2GAM1,21S3U502RD0S8549216800
2025-02-14T17:24:16.115254,5BPR0559-00031,5BPR0559,S3UQ12JA31K.EB2GAM1,21S3U502WS0S8499216800
2025-02-14T17:31:05.923083,5BPR0559-00252,5BPR0559,S3UQ12JA31K.EB2GAM1,21S3U502UJ0T0709216800
2025-02-14T17:31:19.414072,5BPR0559-00253,5BPR0559,S3UQ12JA31K.EB2GAM1,21S3U502NK0T0719216800
2025-02-14T17:31:34.288146,5BPR0559-00254,5BPR0559,S3UQ12JA31K.EB2GAM1,21S3U502AL0T0729216800
2025-02-14T17:58:49.820451,5BPR0559-00312,5BPR0559,S3UQ12JA31K.EB2GAM1,21S3U502YE0T1309216800
2025-02-17T09:18:47.513216,5BPR0559-481,5BPR0559,S3UQ12JA31K.EB2GAM1,21S3U502CQ0T2999216800
2025-02-17T09:19:51.401252,5BPR0559-482,5BPR0559,S3UQ12JA31K.EB2GAM1,21S3U502QV0T3009216800
2025-02-17T09:24:09.389041,5BPR0559-451,5BPR0559,S3UQ12JA31K.EB2GAM1,21S3U502BZ0T2699216800
2025-02-17T09:35:13.757538,5BPR0559-365,5BPR0559,S3UQ12JA31K.EB2GAM1,21S3U502GF0T1839216800
2025-02-17T09:48:06.874158,5BPR0559-267,5BPR0559,S3UQ12JA31K.EB2GAM1,21S3U502ZX0T0859216800
2025-02-17T11:15:51.093257,5BPR0748-00001,5BPR0748,S3UQ12JA31K.EB2GAM1,21S3U502NK6M6719216800
2025-02-17T13:04:40.732587,5BPR0750-00001,5BPR0750,S3UQ12JA31K.EB2GAM1,21S3U502LW6N8649216800
2025-02-17T13:10:11.460862,5BPR0750-00002,5BPR0750,S3UQ12JA31K.EB2GAM1,21S3U502TH6N8659216800
2025-02-19T11:47:36.927093,5BPR0237-00001,5BPR0237,S32Q16UAGA0.EB2GAM1,21S32502TH873459254220
2025-02-19T11:51:35.926649,5BPR0237-00002,5BPR0237,S32Q16UAGA0.EB2GAM1,21S32502DB873469254220
2025-02-19T12:07:57.195480,5BPR0732-00001,5BPR0732,S3UQ12JA31K.EB2GAM1,21S3U502HY862579216800
2025-02-19T12:08:15.484699,5BPR0732-00002,5BPR0732,S3UQ12JA31K.EB2GAM1,21S3U502YE862589216800
2025-02-19T12:10:34.349311,5BPR0732-00003,5BPR0732,S3UQ12JA31K.EB2GAM1,21S3U502CQ862599216800
2025-02-19T12:11:22.794794,5BPR0732-00004,5BPR0732,S3UQ12JA31K.EB2GAM1,21S3U502QV862609216800
2025-02-19T12:12:23.315640,5BPR0732-00005,5BPR0732,S3UQ12JA31K.EB2GAM1,21S3U502ZX862619216800
2025-02-19T12:21:00.920846,5BPR0732-00001,5BPR0732,S3UQ12JA31K.EB2GAM1,21S3U502HY862579216800
2025-02-19T12:21:10.301331,5BPR0732-00001,5BPR0732,S3UQ12JA31K.EB2GAM1,21S3U502HY862579216800
2025-02-19T12:26:56.696398,5BPR0732-00001,5BPR0732,S3UQ12JA31K.EB2GAM1,21S3U502HY862579216800
2025-02-19T12:27:09.535827,5BPR0732-00005,5BPR0732,S3UQ12JA31K.EB2GAM1,21S3U502ZX862619216800
2025-02-19T12:27:26.784143,5BPR0732-00009,5BPR0732,S3UQ12JA31K.EB2GAM1,21S3U502TH862659216800
2025-02-19T12:27:38.919519,5BPR0732-00009,5BPR0732,S3UQ12JA31K.EB2GAM1,21S3U502TH862659216800
2025-02-19T12:27:48.501403,5BPR0732-00009,5BPR0732,S3UQ12JA31K.EB2GAM1,21S3U502TH862659216800
2025-02-19T13:06:58.903783,5BPR0775-00001,5BPR0775,S3UQ12JA31K.EB2GAM1,21S3U502VN8A7439216800
2025-02-19T13:15:16.527405,5BPR0775-00001,5BPR0775,S3UQ12JA31K.EB2GAM1,21S3U502VN8A7439216800
2025-02-19T13:20:05.068487,5BPR0559-00001,5BPR0559,S3UQ12JA31K.EB2GAM1,21S3U502MG0S8199216800
2025-02-19T13:20:26.642265,5BPR0559-00002,5BPR0559,S3UQ12JA31K.EB2GAM1,21S3U502ER0S8209216800
2025-02-19T13:22:48.433397,5BPR0559-00001,5BPR0559,S3UQ12JA31K.EB2GAM1,21S3U502MG0S8199216800
2025-02-19T13:27:38.611182,5BPR0732-00001,5BPR0732,S3UQ12JA31K.EB2GAM1,21S3U502HY862579216800
2025-02-19T13:29:31.696354,5BPR0732-00002,5BPR0732,S3UQ12JA31K.EB2GAM1,21S3U502YE862589216800
2025-02-19T13:30:25.525088,5BPR0732-00002,5BPR0732,S3UQ12JA31K.EB2GAM1,21S3U502YE862589216800
2025-02-19T13:42:53.988636,5BPR0070-00002,5BPR0070,S3UQ12JA33K.EB2GAM1,21S3U502FM3V6679339020
2025-02-19T13:43:05.009899,5BPR0070-00001,5BPR0070,S3UQ12JA33K.EB2GAM1,21S3U502XC3V6669339020
2025-02-19T13:43:48.731926,5BPR0070-00002,5BPR0070,S3UQ12JA33K.EB2GAM1,21S3U502FM3V6679339020
2025-02-19T13:51:53.241216,5BPR0070-00003,5BPR0070,S3UQ12JA33K.EB2GAM1,21S3U502JT3V6689339020
2025-02-19T13:52:33.569666,5BPR0070-00003,5BPR0070,S3UQ12JA33K.EB2GAM1,21S3U502JT3V6689339020
2025-02-19T13:52:48.930939,5BPR0070-00003,5BPR0070,S3UQ12JA33K.EB2GAM1,21S3U502JT3V6689339020
2025-02-19T13:53:01.126573,5BPR0070-00003,5BPR0070,S3UQ12JA33K.EB2GAM1,21S3U502JT3V6689339020
2025-02-19T13:53:28.585201,5BPR0070-00003,5BPR0070,S3UQ12JA33K.EB2GAM1,21S3U502JT3V6689339020
2025-02-19T13:58:10.147456,5BPR0732-00001,5BPR0732,S3UQ12JA31K.EB2GAM1,21S3U502HY862579216800
2025-02-19T14:00:43.709939,5BPR0732-00001,5BPR0732,S3UQ12JA31K.EB2GAM1,21S3U502HY862579216800
2025-02-19T14:01:00.174798,5BPR0732-00001,5BPR0732,S3UQ12JA31K.EB2GAM1,21S3U502HY862579216800
2025-02-19T14:01:34.063423,5BPR0070-00008,5BPR0070,S3UQ12JA33K.EB2GAM1,21S3U502HY3V6739339020
2025-02-19T14:01:52.440458,5BPR0070-00007,5BPR0070,S3UQ12JA33K.EB2GAM1,21S3U502PU3V6729339020
2025-02-19T14:02:35.482357,5BPR0070-00004,5BPR0070,S3UQ12JA33K.EB2GAM1,21S3U502BZ3V6699339020
2025-02-19T14:11:37.618080,5BPR0070-00005,5BPR0070,S3UQ12JA33K.EB2GAM1,21S3U502RD3V6709339020
2025-02-19T14:11:46.434926,5BPR0070-00006,5BPR0070,S3UQ12JA33K.EB2GAM1,21S3U502VN3V6719339020
2025-02-19T14:12:39.584902,5BPR0070-00009,5BPR0070,S3UQ12JA33K.EB2GAM1,21S3U502YE3V6749339020
2025-02-19T17:35:08.325284,5BPR0070-00001,5BPR0070,S3UQ12JA33K.EB2GAM1,21S3U502XC3V6669339020
2025-02-19T17:35:14.368956,5BPR0070-00003,5BPR0070,S3UQ12JA33K.EB2GAM1,21S3U502JT3V6689339020
2025-02-19T17:35:27.394483,5BPR0070-00004,5BPR0070,S3UQ12JA33K.EB2GAM1,21S3U502BZ3V6699339020
2025-02-19T17:35:33.775191,5BPR0070-00006,5BPR0070,S3UQ12JA33K.EB2GAM1,21S3U502VN3V6719339020
2025-02-19T17:36:47.677902,5BPR0070-00009,5BPR0070,S3UQ12JA33K.EB2GAM1,21S3U502YE3V6749339020
2025-02-19T17:52:06.932925,5BPR0070-00001,5BPR0070,S3UQ12JA33K.EB2GAM1,21S3U502XC3V6669339020
2025-02-19T17:52:22.894224,5BPR0070-00005,5BPR0070,S3UQ12JA33K.EB2GAM1,21S3U502RD3V6709339020
2025-02-19T17:53:29.934746,5BPR0070-00001,5BPR0070,S3UQ12JA33K.EB2GAM1,21S3U502XC3V6669339020
2025-02-19T17:53:39.715515,5BPR0070-00002,5BPR0070,S3UQ12JA33K.EB2GAM1,21S3U502FM3V6679339020
2025-02-19T17:53:45.650266,5BPR0070-00003,5BPR0070,S3UQ12JA33K.EB2GAM1,21S3U502JT3V6689339020
2025-02-19T17:53:51.576469,5BPR0070-00004,5BPR0070,S3UQ12JA33K.EB2GAM1,21S3U502BZ3V6699339020
2025-02-19T17:53:57.548604,5BPR0070-00005,5BPR0070,S3UQ12JA33K.EB2GAM1,21S3U502RD3V6709339020
2025-02-19T17:54:03.669427,5BPR0070-00006,5BPR0070,S3UQ12JA33K.EB2GAM1,21S3U502VN3V6719339020
2025-02-19T17:55:46.634352,5BPR0070-00001,5BPR0070,S3UQ12JA33K.EB2GAM1,21S3U502XC3V6669339020
2025-02-19T17:56:10.290367,5BPR0070-00002,5BPR0070,S3UQ12JA33K.EB2GAM1,21S3U502FM3V6679339020
2025-02-19T17:56:39.558769,5BPR0070-00003,5BPR0070,S3UQ12JA33K.EB2GAM1,21S3U502JT3V6689339020
2025-02-19T17:56:45.472879,5BPR0070-00004,5BPR0070,S3UQ12JA33K.EB2GAM1,21S3U502BZ3V6699339020
2025-02-19T17:56:51.400575,5BPR0070-00005,5BPR0070,S3UQ12JA33K.EB2GAM1,21S3U502RD3V6709339020
2025-02-19T17:56:57.344498,5BPR0070-00006,5BPR0070,S3UQ12JA33K.EB2GAM1,21S3U502VN3V6719339020
2025-02-19T17:57:03.283470,5BPR0070-00007,5BPR0070,S3UQ12JA33K.EB2GAM1,21S3U502PU3V6729339020
2025-02-20T11:08:59.196723,5BPR0070-00001,5BPR0070,S3UQ12JA33K.EB2GAM1,21S3U502XC3V6669339020
2025-02-20T11:09:20.692035,5BPR0070-00001,5BPR0070,S3UQ12JA33K.EB2GAM1,21S3U502XC3V6669339020
2025-02-20T11:10:29.796596,5BPR0070-00001,5BPR0070,S3UQ12JA33K.EB2GAM1,21S3U502XC3V6669339020
2025-02-20T11:10:51.442639,5BPR0070-00001,5BPR0070,S3UQ12JA33K.EB2GAM1,21S3U502XC3V6669339020
2025-02-20T11:13:23.878455,5BPR0070-00001,5BPR0070,S3UQ12JA33K.EB2GAM1,21S3U502XC3V6669339020
2025-02-20T11:19:00.254112,5BPR0070-00002,5BPR0070,S3UQ12JA33K.EB2GAM1,21S3U502FM3V6679339020
2025-02-20T11:19:08.185816,5BPR0070-00003,5BPR0070,S3UQ12JA33K.EB2GAM1,21S3U502JT3V6689339020
2025-02-20T11:19:45.140554,5BPR0070-00004,5BPR0070,S3UQ12JA33K.EB2GAM1,21S3U502BZ3V6699339020
2025-02-20T11:19:53.091856,5BPR0070-00005,5BPR0070,S3UQ12JA33K.EB2GAM1,21S3U502RD3V6709339020
2025-02-20T11:20:01.045727,5BPR0070-00006,5BPR0070,S3UQ12JA33K.EB2GAM1,21S3U502VN3V6719339020
2025-02-20T11:20:09.018760,5BPR0070-00007,5BPR0070,S3UQ12JA33K.EB2GAM1,21S3U502PU3V6729339020
2025-02-20T11:20:17.056069,5BPR0070-00008,5BPR0070,S3UQ12JA33K.EB2GAM1,21S3U502HY3V6739339020
2025-02-20T11:22:33.534790,5BPR0070-00001,5BPR0070,S3UQ12JA33K.EB2GAM1,21S3U502XC3V6669339020
2025-02-20T11:23:58.302393,5BPR0070-00001,5BPR0070,S3UQ12JA33K.EB2GAM1,21S3U502XC3V6669339020
2025-02-20T11:24:35.678223,5BPR0070-00002,5BPR0070,S3UQ12JA33K.EB2GAM1,21S3U502FM3V6679339020
2025-02-20T11:24:45.395000,5BPR0070-00003,5BPR0070,S3UQ12JA33K.EB2GAM1,21S3U502JT3V6689339020
2025-02-20T11:24:51.404275,5BPR0070-00004,5BPR0070,S3UQ12JA33K.EB2GAM1,21S3U502BZ3V6699339020
2025-02-20T11:24:57.448270,5BPR0070-00005,5BPR0070,S3UQ12JA33K.EB2GAM1,21S3U502RD3V6709339020
2025-02-20T11:25:03.371931,5BPR0070-00006,5BPR0070,S3UQ12JA33K.EB2GAM1,21S3U502VN3V6719339020
2025-02-20T11:25:37.234606,5BPR0070-00007,5BPR0070,S3UQ12JA33K.EB2GAM1,21S3U502PU3V6729339020
2025-02-20T13:19:28.884268,5BPR0070-00001,5BPR0070,S3UQ12JA33K.EB2GAM1,21S3U502XC3V6669339020
2025-02-20T13:19:40.945370,5BPR0070-00002,5BPR0070,S3UQ12JA33K.EB2GAM1,21S3U502FM3V6679339020
2025-02-20T13:19:46.953799,5BPR0070-00003,5BPR0070,S3UQ12JA33K.EB2GAM1,21S3U502JT3V6689339020
2025-02-20T13:19:52.881677,5BPR0070-00004,5BPR0070,S3UQ12JA33K.EB2GAM1,21S3U502BZ3V6699339020
2025-02-20T13:19:58.874627,5BPR0070-00005,5BPR0070,S3UQ12JA33K.EB2GAM1,21S3U502RD3V6709339020
2025-02-20T13:38:13.593944,5BPR0070-00009,5BPR0070,S3UQ12JA33K.EB2GAM1,21S3U502YE3V6749339020
2025-02-20T13:39:49.009841,5BPR0070-00010,5BPR0070,S3UQ12JA33K.EB2GAM1,21S3U502CQ3V6759339020
2025-02-20T13:41:06.050396,5BPR0070-00001,5BPR0070,S3UQ12JA33K.EB2GAM1,21S3U502XC3V6669339020
2025-02-20T13:41:11.980355,5BPR0070-00002,5BPR0070,S3UQ12JA33K.EB2GAM1,21S3U502FM3V6679339020
2025-02-20T13:41:17.989163,5BPR0070-00003,5BPR0070,S3UQ12JA33K.EB2GAM1,21S3U502JT3V6689339020
2025-02-20T13:41:24.057424,5BPR0070-00004,5BPR0070,S3UQ12JA33K.EB2GAM1,21S3U502BZ3V6699339020
2025-02-20T13:41:30.123541,5BPR0070-00005,5BPR0070,S3UQ12JA33K.EB2GAM1,21S3U502RD3V6709339020
2025-02-20T13:41:36.019846,5BPR0070-00006,5BPR0070,S3UQ12JA33K.EB2GAM1,21S3U502VN3V6719339020
2025-02-20T13:41:41.937439,5BPR0070-00007,5BPR0070,S3UQ12JA33K.EB2GAM1,21S3U502PU3V6729339020
2025-02-20T13:41:47.859447,5BPR0070-00008,5BPR0070,S3UQ12JA33K.EB2GAM1,21S3U502HY3V6739339020
2025-02-20T13:41:53.798689,5BPR0070-00009,5BPR0070,S3UQ12JA33K.EB2GAM1,21S3U502YE3V6749339020
2025-02-20T13:49:04.502425,5BPR0070-00001,5BPR0070,S3UQ12JA33K.EB2GAM1,21S3U502XC3V6669339020
2025-02-20T13:52:01.342846,5BPR0070-00001,5BPR0070,S3UQ12JA33K.EB2GAM1,21S3U502XC3V6669339020
2025-02-20T14:00:46.274724,5BPR0070-00001,5BPR0070,S3UQ12JA33K.EB2GAM1,21S3U502XC3V6669339020
2025-02-20T14:03:56.392889,5BPR0070-00010,5BPR0070,S3UQ12JA33K.EB2GAM1,21S3U502CQ3V6759339020
2025-02-20T14:09:15.547670,5BPR0559-00001,5BPR0559,S3UQ12JA31K.EB2GAM1,21S3U502MG0S8199216800
2025-02-20T14:39:38.136641,5BPR0070-00001,5BPR0070,S3UQ12JA33K.EB2GAM1,21S3U502XC3V6669339020
2025-02-20T14:39:48.694571,5BPR0070-00002,5BPR0070,S3UQ12JA33K.EB2GAM1,21S3U502FM3V6679339020
2025-02-20T16:39:10.200422,5BPR0239-00001,5BPR0239,S3NQ12JM31A.EB2GAM1,21S3N502DB963469254200
2025-02-20T16:41:53.826883,5BPR0239-00001,5BPR0239,S3NQ12JM31A.EB2GAM1,21S3N502DB963469254200
2025-02-20T16:42:42.626195,5BPR0070-00001,5BPR0070,S3UQ12JA33K.EB2GAM1,21S3U502XC3V6669339020
2025-02-20T16:57:46.066187,5BPR0239-00001,5BPR0239,S3NQ12JM31A.EB2GAM1,21S3N502DB963469254200
2025-02-20T17:11:24.763906,5BPR0239-00001,5BPR0239,S3NQ12JM31A.EB2GAM1,21S3N502DB963469254200
2025-02-20T17:13:21.216864,5BPR0239-00001,5BPR0239,S3NQ12JM31A.EB2GAM1,21S3N502DB963469254200
2025-02-20T17:15:38.012367,5BPR0239-00001,5BPR0239,S3NQ12JM31A.EB2GAM1,21S3N502DB963469254200
2025-02-20T17:19:48.556364,5BPR0239-00001,5BPR0239,S3NQ12JM31A.EB2GAM1,21S3N502DB963469254200
2025-02-20T17:29:16.823478,5BPR0239-00001,5BPR0239,S3NQ12JM31A.EB2GAM1,21S3N502DB963469254200
2025-02-20T17:32:56.552999,5BPR0239-00001,5BPR0239,S3NQ12JM31A.EB2GAM1,21S3N502DB963469254200
2025-02-20T17:36:49.983820,5BPR0239-00001,5BPR0239,S3NQ12JM31A.EB2GAM1,21S3N502DB963469254200
2025-02-20T17:38:09.021757,5BPR0239-00001,5BPR0239,S3NQ12JM31A.EB2GAM1,21S3N502DB963469254200
2025-02-20T17:38:14.885149,5BPR0239-00001,5BPR0239,S3NQ12JM31A.EB2GAM1,21S3N502DB963469254200
2025-02-20T17:38:20.753574,5BPR0239-00001,5BPR0239,S3NQ12JM31A.EB2GAM1,21S3N502DB963469254200
2025-02-20T17:38:26.625805,5BPR0239-00001,5BPR0239,S3NQ12JM31A.EB2GAM1,21S3N502DB963469254200
2025-02-20T17:38:32.539874,5BPR0239-00001,5BPR0239,S3NQ12JM31A.EB2GAM1,21S3N502DB963469254200
2025-02-20T17:46:12.157158,5BPR0239-00001,5BPR0239,S3NQ12JM31A.EB2GAM1,21S3N502DB963469254200
2025-02-20T17:53:56.837418,5BPR0239-00001,5BPR0239,S3NQ12JM31A.EB2GAM1,21S3N502DB963469254200
2025-02-20T17:56:33.976607,5BPR0239-00001,5BPR0239,S3NQ12JM31A.EB2GAM1,21S3N502DB963469254200
2025-02-20T17:57:24.616382,5BPR0239-00001,5BPR0239,S3NQ12JM31A.EB2GAM1,21S3N502DB963469254200
2025-02-20T18:00:19.499858,5BPR0239-00001,5BPR0239,S3NQ12JM31A.EB2GAM1,21S3N502DB963469254200
2025-02-20T18:00:28.206902,5BPR0239-00001,5BPR0239,S3NQ12JM31A.EB2GAM1,21S3N502DB963469254200
2025-02-20T18:00:35.498721,5BPR0239-00001,5BPR0239,S3NQ12JM31A.EB2GAM1,21S3N502DB963469254200
2025-02-20T18:00:42.849782,5BPR0239-00001,5BPR0239,S3NQ12JM31A.EB2GAM1,21S3N502DB963469254200
2025-02-20T18:00:55.194967,5BPR0239-00001,5BPR0239,S3NQ12JM31A.EB2GAM1,21S3N502DB963469254200
2025-02-21T13:17:11.241101,5BPR0239-00001,5BPR0239,S3NQ12JM31A.EB2GAM1,21S3N502DB963469254200
2025-02-21T13:18:28.915486,5BPR0239-00001,5BPR0239,S3NQ12JM31A.EB2GAM1,21S3N502DB963469254200
2025-02-21T13:24:28.056264,5BPR0239-00001,5BPR0239,S3NQ12JM31A.EB2GAM1,21S3N502DB963469254200
2025-02-21T13:25:15.910824,5BPR0239-00001,5BPR0239,S3NQ12JM31A.EB2GAM1,21S3N502DB963469254200
2025-02-21T13:27:34.106475,5BPR0239-00001,5BPR0239,S3NQ12JM31A.EB2GAM1,21S3N502DB963469254200
2025-02-21T13:34:36.765606,5BPR0559-00001,5BPR0559,S3UQ12JA31K.EB2GAM1,21S3U502MG0S8199216800
2025-02-21T13:42:26.404904,5BPR0239-00001,5BPR0239,S3NQ12JM31A.EB2GAM1,21S3N502DB963469254200
2025-02-21T13:47:32.037116,5BPR0239-00001,5BPR0239,S3NQ12JM31A.EB2GAM1,21S3N502DB963469254200
2025-02-21T13:49:38.516466,5BPR0239-00001,5BPR0239,S3NQ12JM31A.EB2GAM1,21S3N502DB963469254200
2025-02-21T13:50:07.634619,5BPR0239-00001,5BPR0239,S3NQ12JM31A.EB2GAM1,21S3N502DB963469254200
2025-02-21T13:50:37.446268,5BPR0239-00001,5BPR0239,S3NQ12JM31A.EB2GAM1,21S3N502DB963469254200
2025-02-21T13:51:23.427337,5BPR0239-00001,5BPR0239,S3NQ12JM31A.EB2GAM1,21S3N502DB963469254200
2025-02-21T13:52:47.821098,5BPR0239-00001,5BPR0239,S3NQ12JM31A.EB2GAM1,21S3N502DB963469254200
2025-02-21T13:56:07.577711,5BPR0239-00001,5BPR0239,S3NQ12JM31A.EB2GAM1,21S3N502DB963469254200
2025-02-21T13:56:24.528560,5BPR0239-00001,5BPR0239,S3NQ12JM31A.EB2GAM1,21S3N502DB963469254200
2025-02-21T14:24:46.197002,5BPR0239-00001,5BPR0239,S3NQ12JM31A.EB2GAM1,21S3N502DB963469254200
2025-02-21T14:25:09.681586,5BPR0239-00001,5BPR0239,S3NQ12JM31A.EB2GAM1,21S3N502DB963469254200
2025-02-21T14:37:27.965354,5BPR0239-00001,5BPR0239,S3NQ12JM31A.EB2GAM1,21S3N502DB963469254200
2025-02-21T14:37:51.888522,5BPR0239-00001,5BPR0239,S3NQ12JM31A.EB2GAM1,21S3N502DB963469254200
2025-02-21T14:38:11.848357,5BPR0239-00001,5BPR0239,S3NQ12JM31A.EB2GAM1,21S3N502DB963469254200
2025-02-21T14:38:38.419251,5BPR0239-00001,5BPR0239,S3NQ12JM31A.EB2GAM1,21S3N502DB963469254200
2025-02-21T14:43:36.986292,5BPR0239-00001,5BPR0239,S3NQ12JM31A.EB2GAM1,21S3N502DB963469254200
2025-02-21T14:44:14.242430,5BPR0239-00001,5BPR0239,S3NQ12JM31A.EB2GAM1,21S3N502DB963469254200
2025-02-21T14:59:26.404448,5BPR0239-00001,5BPR0239,S3NQ12JM31A.EB2GAM1,21S3N502DB963469254200
2025-02-21T15:01:43.602136,5BPR0239-00001,5BPR0239,S3NQ12JM31A.EB2GAM1,21S3N502DB963469254200
2025-02-21T15:05:58.597070,5BPR0239-00001,5BPR0239,S3NQ12JM31A.EB2GAM1,21S3N502DB963469254200
2025-02-21T15:06:35.247361,5BPR0239-00001,5BPR0239,S3NQ12JM31A.EB2GAM1,21S3N502DB963469254200
2025-02-21T15:07:00.057109,5BPR0239-00001,5BPR0239,S3NQ12JM31A.EB2GAM1,21S3N502DB963469254200
2025-02-21T15:07:45.069477,5BPR0239-00001,5BPR0239,S3NQ12JM31A.EB2GAM1,21S3N502DB963469254200
2025-02-21T15:08:27.969678,5BPR0239-00001,5BPR0239,S3NQ12JM31A.EB2GAM1,21S3N502DB963469254200
2025-02-21T15:08:56.848234,5BPR0239-00001,5BPR0239,S3NQ12JM31A.EB2GAM1,21S3N502DB963469254200
2025-02-21T15:09:08.347203,5BPR0239-00001,5BPR0239,S3NQ12JM31A.EB2GAM1,21S3N502DB963469254200
2025-02-21T15:10:32.525638,5BPR0239-00001,5BPR0239,S3NQ12JM31A.EB2GAM1,21S3N502DB963469254200
2025-02-21T15:10:49.830734,5BPR0239-00001,5BPR0239,S3NQ12JM31A.EB2GAM1,21S3N502DB963469254200
2025-02-21T15:11:26.120603,5BPR0239-00001,5BPR0239,S3NQ12JM31A.EB2GAM1,21S3N502DB963469254200
2025-02-21T15:18:31.533499,5BPR0239-00001,5BPR0239,S3NQ12JM31A.EB2GAM1,21S3N502DB963469254200
2025-02-21T15:19:57.187471,5BPR0239-00001,5BPR0239,S3NQ12JM31A.EB2GAM1,21S3N502DB963469254200
2025-02-21T15:20:20.172796,5BPR0810-00001,5BPR0810,S3UQ12JA33K.EB2GAM1,21S3U502HY983299339020
2025-02-21T15:53:30.676165,5BPR0810-00001,5BPR0810,S3UQ12JA33K.EB2GAM1,21S3U502HY983299339020
2025-02-21T17:28:42.097438,5BPR0239-00001,5BPR0239,S3NQ12JM31A.EB2GAM1,21S3N502DB963469254200
2025-02-21T18:10:31.607936,5BPR0239-00001,5BPR0239,S3NQ12JM31A.EB2GAM1,21S3N502DB963469254200
2025-02-21T18:10:56.158077,5BPR0239-00001,5BPR0239,S3NQ12JM31A.EB2GAM1,21S3N502DB963469254200
2025-02-21T18:11:33.919918,5BPR0239-00001,5BPR0239,S3NQ12JM31A.EB2GAM1,21S3N502DB963469254200
2025-02-21T18:11:58.085513,5BPR0239-00001,5BPR0239,S3NQ12JM31A.EB2GAM1,21S3N502DB963469254200
2025-02-21T18:12:28.208855,5BPR0239-00001,5BPR0239,S3NQ12JM31A.EB2GAM1,21S3N502DB963469254200
2025-02-21T18:12:50.027310,5BPR0239-00001,5BPR0239,S3NQ12JM31A.EB2GAM1,21S3N502DB963469254200
2025-02-21T18:14:13.429716,5BPR0239-00001,5BPR0239,S3NQ12JM31A.EB2GAM1,21S3N502DB963469254200
2025-02-24T08:59:30.665676,5CPR0616-00001,5CPR0616,S3UQ09AA31A.EB2GAM1,21S3U502LWAB7529216780
2025-02-24T08:59:51.704451,5CPR0616-00001,5CPR0616,S3UQ09AA31A.EB2GAM1,21S3U502LWAB7529216780
2025-02-24T09:00:10.884234,5CPR0616-00001,5CPR0616,S3UQ09AA31A.EB2GAM1,21S3U502LWAB7529216780
2025-02-24T09:00:47.923220,5CPR0616-00001,5CPR0616,S3UQ09AA31A.EB2GAM1,21S3U502LWAB7529216780
2025-02-24T09:01:50.511728,5CPR0616-00001,5CPR0616,S3UQ09AA31A.EB2GAM1,21S3U502LWAB7529216780
2025-02-24T09:02:19.163380,5CPR0616-00001,5CPR0616,S3UQ09AA31A.EB2GAM1,21S3U502LWAB7529216780
2025-02-24T09:02:45.814178,5CPR0616-00001,5CPR0616,S3UQ09AA31A.EB2GAM1,21S3U502LWAB7529216780
2025-02-24T09:03:01.003354,5CPR0616-00001,5CPR0616,S3UQ09AA31A.EB2GAM1,21S3U502LWAB7529216780
2025-02-24T09:03:17.088144,5CPR0616-00001,5CPR0616,S3UQ09AA31A.EB2GAM1,21S3U502LWAB7529216780
2025-02-26T14:56:51.614087,5BPR0163-00001,5BPR0163,S32Q16UAGA0.EB2GAM1,21S32502ERBF8769254220
2025-02-26T15:06:47.992675,5BPR0163-00001,5BPR0163,S32Q16UAGA0.EB2GAM1,21S32502ERBF8769254220
2025-02-26T15:07:14.202664,5BPR0163-00001,5BPR0163,S32Q16UAGA0.EB2GAM1,21S32502ERBF8769254220
2025-02-26T15:07:45.387444,5BPR0163-00001,5BPR0163,S32Q16UAGA0.EB2GAM1,21S32502ERBF8769254220
2025-02-26T15:08:09.700304,5BPR0163-00001,5BPR0163,S32Q16UAGA0.EB2GAM1,21S32502ERBF8769254220
2025-02-26T15:08:45.441012,5BPR0163-00001,5BPR0163,S32Q16UAGA0.EB2GAM1,21S32502ERBF8769254220
